nr_input_tokens,nr_batches,thread_percentage,memory_rate,cold_start,model_loc,exec_loc,avg_ttft,max_ttft,min_ttft,avg_throughput,max_throughput,min_throughput,avg_total,max_total,min_total,avg_load_time,max_load_time,min_load_time
64.0,1.0,100.0,0.85,0.0,gpu,gpu,0.010083114201552234,0.010183295991737396,0.009930857995641418,157.30242207002956,157.3508894012533,157.21033136229326,0.8137192813999718,0.8141958539927145,0.8134685510012787,0.0,0.0,0.0
128.0,1.0,100.0,0.85,0.0,gpu,gpu,0.009938876001979225,0.010017958004027605,0.009893673995975405,156.87941309952126,156.95388914530565,156.7591751176368,0.8159134423942305,0.816539127001306,0.8155261439969763,0.0,0.0,0.0
256.0,1.0,100.0,0.85,0.0,gpu,gpu,0.009994867604109458,0.010035622006398626,0.009977287001674995,156.42106262431827,156.541232046554,156.24709687938238,0.8183045261946973,0.8192152209958294,0.8176759459893219,0.0,0.0,0.0
512.0,1.0,100.0,0.85,0.0,gpu,gpu,0.010664514999371022,0.01147144399874378,0.010325531009584665,156.03651276800588,156.12062151469834,155.9178597486602,0.8203209943982074,0.8209450809954433,0.8198788779991446,0.0,0.0,0.0
1024.0,1.0,100.0,0.85,0.0,gpu,gpu,0.009805184399010614,0.010019396999268793,0.009627987004932947,155.91786319929162,155.99162534865457,155.85454079090812,0.8209451646049274,0.8212786060030339,0.8205568710109219,0.0,0.0,0.0
2048.0,1.0,100.0,0.85,0.0,gpu,gpu,0.010859234799863771,0.010932552002486773,0.010797003997140564,154.63264234611012,154.73698639392344,154.53163332520398,0.8277684871980455,0.8283093710051617,0.8272101129987277,0.0,0.0,0.0
