nr_input_tokens,nr_batches,thread_percentage,memory_rate,cold_start,model_loc,exec_loc,avg_ttft,max_ttft,min_ttft,avg_throughput,max_throughput,min_throughput,avg_total,max_total,min_total,avg_load_time,max_load_time,min_load_time
128.0,1.0,100.0,0.4,0.0,gpu,gpu,0.011222058348357678,0.011330171022564173,0.011150687001645565,155.47191232529343,155.52075500053573,155.41511009787368,0.8232998807914556,0.8236007420346141,0.8230412718839943,0.0,0.0,0.0
128.0,1.0,100.0,0.5,0.0,gpu,gpu,0.011365113034844398,0.012394168879836798,0.011015395633876324,155.9907485272748,156.1257953484322,155.83698104224098,0.820561810489744,0.8213711478747427,0.8198517081327736,0.0,0.0,0.0
128.0,1.0,100.0,0.6,0.0,gpu,gpu,0.010967711638659238,0.011006885208189487,0.010938023217022419,156.17530849380873,156.27561175279754,156.13240833825523,0.8195918766781688,0.8198169833049178,0.8190657426603138,0.0,0.0,0.0
128.0,1.0,100.0,0.7,0.0,gpu,gpu,0.010352434683591127,0.010454805102199316,0.010224349331110716,155.59453234995854,155.94708631046055,155.32914352833623,0.8226535852067173,0.8240565620362759,0.8207912249490619,0.0,0.0,0.0
128.0,1.0,100.0,0.8,0.0,gpu,gpu,0.012194517254829406,0.012306302785873413,0.012118947692215443,154.15898618148262,154.3063052376733,154.00347602969242,0.8303120809607207,0.8311500707641244,0.8295189221389592,0.0,0.0,0.0
128.0,1.0,100.0,0.9,0.0,gpu,gpu,0.011580303963273763,0.012226913589984179,0.010182530153542757,152.13530726592916,155.42498982329772,139.3564476046495,0.8429433087818324,0.9185079140588641,0.8235483891330659,0.0,0.0,0.0
