nr_input_tokens,nr_batches,thread_percentage,memory_rate,cold_start,model_loc,exec_loc,avg_ttft,max_ttft,min_ttft,avg_throughput,max_throughput,min_throughput,avg_total,max_total,min_total,avg_load_time,max_load_time,min_load_time
64.0,1.0,100.0,0.85,1.0,gpu,gpu,0.014784591505303979,0.015159093076363206,0.014410089934244752,184.80904757956705,186.77165611003946,182.8464390490946,0.6926849024603143,0.7000409779138863,0.6853288270067424,34.19186440994963,34.67331296787597,33.71041585202329
128.0,1.0,100.0,0.85,1.0,gpu,gpu,0.01462813455145806,0.014855518005788326,0.014400751097127795,182.85393275753657,183.60497771432694,182.1028878007462,0.7000240985071287,0.7028993419371545,0.6971488550771028,33.08716200501658,33.66993993893266,32.5043840711005
256.0,1.0,100.0,0.85,1.0,gpu,gpu,0.0145694799721241,0.014696803875267506,0.014442156068980694,181.71036981189445,182.63937693781818,180.78136268597075,0.7044361085863784,0.7080375880468637,0.7008346291258931,32.14284483867232,32.37252314318903,31.913166534155607
512.0,1.0,100.0,0.85,1.0,gpu,gpu,0.01822065096348524,0.0182286340277642,0.01821266789920628,178.17344690563414,179.64025424394885,176.70663956731943,0.7184497904963791,0.7243644059635699,0.7125351750291884,34.1268196424935,34.98204520600848,33.271594078978524
1024.0,1.0,100.0,0.85,1.0,gpu,gpu,0.031046117073856294,0.031207664171233773,0.030884569976478815,175.0955402209026,175.6540112352511,174.53706920655407,0.7310369070619345,0.7333685650955886,0.7287052490282804,33.72909620043356,35.34670119197108,32.11149120889604
2048.0,1.0,100.0,0.85,1.0,gpu,gpu,0.05090716446284205,0.052390707889571786,0.04942362103611231,19.37186523993639,19.6397065248545,19.104023955018278,0.05163112538866699,0.05234499298967421,0.050917257787659764,33.51322783099022,34.1957251240965,32.83073053788394
