nr_input_tokens,nr_batches,thread_percentage,memory_rate,cold_start,model_loc,exec_loc,avg_ttft,max_ttft,min_ttft,avg_throughput,max_throughput,min_throughput,avg_total,max_total,min_total,avg_load_time,max_load_time,min_load_time
20.0,1.0,100.0,0.2,1.0,gpu,gpu,0.016616772045381367,0.018199081998318434,0.0150344620924443,182.42523973251812,182.77669242529387,182.07378703974237,0.7016598979244009,0.7030116859823465,0.7003081098664552,34.41810440446716,35.35071698599495,33.485491822939366
20.0,1.0,100.0,0.3,1.0,gpu,gpu,0.015123110497370362,0.015255727106705308,0.014990493888035417,183.10796766389421,183.65912162216856,182.55681370561985,0.6990474599879235,0.7011515889316797,0.6969433310441673,32.10353852249682,32.25861810101196,31.948458943981677
20.0,1.0,100.0,0.4,1.0,gpu,gpu,0.015131623949855566,0.015225525945425034,0.015037721954286098,183.38212512794547,184.18057420765476,182.58367604823616,0.6980092880548909,0.7010484330821782,0.6949701430276036,33.306920570437796,34.07495650299825,32.538884637877345
20.0,1.0,100.0,0.5,1.0,gpu,gpu,0.014888048986904323,0.014948608819395304,0.014827489154413342,183.08520032881376,183.19303590583186,182.97736475179568,0.6991282975068316,0.6995400779414922,0.698716517072171,32.77472694602329,32.972788783023134,32.57666510902345
20.0,1.0,100.0,0.6,1.0,gpu,gpu,0.01710992504376918,0.018901491072028875,0.015318359015509486,180.25500528305724,182.96667455937225,177.54333600674224,0.7102658464573324,0.720950742950663,0.6995809499640018,34.55491528706625,36.287547301035374,32.82228327309713
20.0,1.0,100.0,0.7,1.0,gpu,gpu,0.016487060580402613,0.017923308070749044,0.015050813090056181,183.87703955704853,184.1111552048525,183.64292390924456,0.6961184920510277,0.6970048029907048,0.6952321811113507,33.03005550650414,33.05841446202248,33.0016965509858
20.0,1.0,100.0,0.8,1.0,gpu,gpu,0.015322195482440293,0.015502766007557511,0.015141624957323074,184.5850619436839,185.1664469989352,184.00367688843258,0.6934541099471971,0.6956382729113102,0.6912699469830841,33.07418824057095,33.93407971202396,32.21429676911794
20.0,1.0,100.0,0.9,1.0,gpu,gpu,0.015928404522128403,0.017157858004793525,0.014698951039463282,183.0973982819111,183.2435574407295,182.9512391230927,0.6990819245111197,0.6996399729978293,0.6985238760244101,32.96211635542568,33.22986746090464,32.69436524994671
