nr_input_tokens,nr_batches,thread_percentage,memory_rate,cold_start,model_loc,exec_loc,avg_ttft,max_ttft,min_ttft,avg_throughput,max_throughput,min_throughput,avg_total,max_total,min_total
20.0,1.0,16.0,100.0,0.0,cpu,cpu,13.725745122437365,14.312145862029865,11.70560068404302,2.34571032405032,2.7337341212759925,2.2358631828156548,13.725745122437365,14.312145862029865,11.70560068404302
20.0,1.0,36.0,100.0,False,cpu,cpu,8.362405590573326,8.522595863905735,8.126788545050658,3.8280765300143584,3.9375947611542697,3.7547245593944,8.362405590573326,8.522595863905735,8.126788545050658
20.0,1.0,72.0,100.0,False,cpu,cpu,14.902574231196194,16.158537067938596,14.235615249024704,2.1522057048630217,2.247883174715076,1.9803772993468374,14.902574231196194,16.158537067938596,14.235615249024704
