nr_input_tokens,nr_batches,thread_percentage,memory_rate,cold_start,model_loc,exec_loc,avg_ttft,max_ttft,min_ttft,avg_throughput,max_throughput,min_throughput,avg_total,max_total,min_total
20,1,1,0.85,False,cpu,cpu,44.838187783118336,44.87958367890678,44.751774712931365,0.35683905846538966,0.3575277204677355,0.3565095459546327,44.838187783118336,44.87958367890678,44.751774712931365
20,1,2,0.85,False,cpu,cpu,22.975618204148486,23.519823524868116,22.793607661966234,0.6964912373147947,0.7019511890036542,0.6802772130957014,22.975618204148486,23.519823524868116,22.793607661966234
20,1,4,0.85,False,cpu,cpu,13.403910449380055,13.976997700985521,12.991001487942412,1.1950067387430736,1.2316217510136065,1.1447379717943171,13.403910449380055,13.976997700985521,12.991001487942412
20,1,8,0.85,False,cpu,cpu,7.025440641632303,7.503166584065184,6.589146416867152,2.2845439934159666,2.4282356147137025,2.132432996220546,7.025440641632303,7.503166584065184,6.589146416867152
20,1,16,0.85,False,cpu,cpu,4.264757917728275,4.70227719983086,3.9815049218013883,3.76463973198988,4.0185809924255915,3.402606720117546,4.264757917728275,4.70227719983086,3.9815049218013883
20,1,36,0.85,False,cpu,cpu,2.903774302592501,3.101610356941819,2.851927984971553,5.516161331382983,5.610239839264242,5.158610579239864,2.903774302592501,3.101610356941819,2.851927984971553
20,1,72,0.85,False,cpu,cpu,2.915714722359553,3.1962626629974693,2.788496828870848,5.500054215505279,5.73785841688725,5.005846417201248,2.915714722359553,3.1962626629974693,2.788496828870848
