nr_input_tokens,nr_batches,thread_percentage,memory_rate,cold_start,model_loc,exec_loc,avg_ttft,max_ttft,min_ttft,avg_throughput,max_throughput,min_throughput,avg_total,max_total,min_total,avg_load_time,max_load_time,min_load_time
128.0,1.0,16.0,0.85,0.0,cpu,cpu,14.686174536962062,14.70449472591281,14.663062633946538,8.715689443194776,8.729417802776515,8.704821375088368,14.686174536962062,14.70449472591281,14.663062633946538,0.0,0.0,0.0
128.0,1.0,36.0,0.85,0.0,cpu,cpu,10.208924392145127,10.348026619292796,10.000611064955592,12.539798499557289,12.79921788464917,12.369508188291437,10.208924392145127,10.348026619292796,10.000611064955592,0.0,0.0,0.0
128.0,1.0,72.0,0.85,0.0,cpu,cpu,10.136425846349448,10.9137270511128,9.846597133670002,12.64635298007045,12.99941474830017,11.728349023255872,10.136425846349448,10.9137270511128,9.846597133670002,0.0,0.0,0.0
