nr_input_tokens,nr_batches,thread_percentage,memory_rate,cold_start,model_loc,exec_loc,avg_ttft,max_ttft,min_ttft,avg_throughput,max_throughput,min_throughput,avg_total,max_total,min_total
20,1,100,4,False,cpu,cpu,8.274692229973152,8.339956915937364,8.201992810936645,1.9336718202612204,1.950745430874481,1.9184751385735055,8.274692229973152,8.339956915937364,8.201992810936645
20,1,100,8,False,cpu,cpu,8.172302547609434,8.33416661201045,7.978507037973031,1.9582912043093539,2.005387715251657,1.9198080317883546,8.172302547609434,8.33416661201045,7.978507037973031
20,1,100,16,False,cpu,cpu,8.087084535835311,8.110173888970166,8.0679782461375,1.9784706480432075,1.9831486292938274,1.9728306962394473,8.087084535835311,8.110173888970166,8.0679782461375
20,1,100,32,False,cpu,cpu,7.975565660372377,8.055682631209493,7.900996211916208,2.006258134560908,2.025061089874838,1.9861755648133987,7.975565660372377,8.055682631209493,7.900996211916208
20,1,100,64,False,cpu,cpu,8.10807883311063,8.223636640934274,7.970731776906177,1.9735396616584016,2.007343923723195,1.9456112543151307,8.10807883311063,8.223636640934274,7.970731776906177
20,1,100,96,False,cpu,cpu,8.266399000724778,8.365366921992972,8.220140979858115,1.935623698197191,1.9464386364181518,1.9126477235487653,8.266399000724778,8.365366921992972,8.220140979858115
20,1,100,128,False,cpu,cpu,7.757197004836053,7.88846014207229,7.556603993987665,2.0631704347667945,2.117353246607899,2.0282792473864,7.757197004836053,7.88846014207229,7.556603993987665
