nr_input_tokens,nr_batches,thread_percentage,memory_rate,cold_start,model_loc,exec_loc,avg_ttft,max_ttft,min_ttft,avg_throughput,max_throughput,min_throughput,avg_total,max_total,min_total
2048.0,256.0,100.0,0.2,0.0,gpu,gpu,0.005172672338085249,0.0052472940005827695,0.0050955469778273255,193.34351758756358,196.24978522450732,190.5744179550334,0.020690689352340995,0.020989176002331078,0.020382187911309302
2048.0,256.0,100.0,0.3,False,gpu,gpu,0.0051365088031161575,0.0052049432415515184,0.005104626499814913,194.6945928357053,195.90071869827474,192.12505374062724,0.02054603521246463,0.020819772966206074,0.02041850599925965
2048.0,256.0,100.0,0.4,False,gpu,gpu,0.005236715701175854,0.0053968814900144935,0.005137306259712204,191.03190538860719,194.6545425648851,185.2921917685679,0.020946862804703415,0.021587525960057974,0.020549225038848817
2048.0,256.0,100.0,0.5,False,gpu,gpu,0.005118342087371275,0.005227927234955132,0.005038789473474026,195.40928709601204,198.4603653842564,191.28039757588218,0.0204733683494851,0.020911708939820528,0.020155157893896103
2048.0,256.0,100.0,0.6,False,gpu,gpu,0.00511787814903073,0.005223055253736675,0.005047845479566604,195.423841433213,198.10432075386302,191.45882082801646,0.02047151259612292,0.0208922210149467,0.020191381918266416
2048.0,256.0,100.0,0.7,False,gpu,gpu,0.005083189799915999,0.005470559000968933,0.00475275149801746,197.29005299415945,210.40443633906278,182.7966757735146,0.020332759199663996,0.021882236003875732,0.01901100599206984
2048.0,256.0,100.0,0.8,False,gpu,gpu,0.005101224849931895,0.005188967246795073,0.005058779759565368,196.04744067663393,197.67612893389062,192.7165758499714,0.02040489939972758,0.020755868987180293,0.020235119038261473
2048.0,256.0,100.0,0.9,False,gpu,gpu,0.005203781503951177,0.005273476504953578,0.005149569013155997,192.1819198585792,194.19100849900715,189.62822704541526,0.020815126015804708,0.021093906019814312,0.020598276052623987
