nr_input_tokens,nr_batches,thread_percentage,memory_rate,cold_start,model_loc,exec_loc,avg_ttft,max_ttft,min_ttft,avg_throughput,max_throughput,min_throughput,avg_total,max_total,min_total
64.0,4.0,100.0,0.85,0.0,gpu,gpu,0.17950464754831047,0.17969462752807885,0.1794194197282195,713.0737052290289,713.412183552324,712.3195710456,0.7180185901932419,0.7187785101123154,0.717677678912878
128.0,4.0,100.0,0.85,False,gpu,gpu,0.18035270824329927,0.18042830302147195,0.180219981004484,709.7205582460535,710.2431111498967,709.423066428593,0.7214108329731971,0.7217132120858878,0.720879924017936
256.0,4.0,100.0,0.85,False,gpu,gpu,0.18269518909510224,0.18291692045750096,0.18257253797492012,700.6208303685868,701.0912014466452,699.771238657714,0.730780756380409,0.7316676818300039,0.7302901518996805
512.0,4.0,100.0,0.85,False,gpu,gpu,0.1854363930528052,0.185658962756861,0.18522405496332794,690.2640421324718,691.0549497760559,689.4361473279845,0.7417455722112208,0.742635851027444,0.7408962198533118
1024.0,4.0,100.0,0.85,False,gpu,gpu,0.19081277420045809,0.19094399776076898,0.19068793300539255,670.8148253893933,671.253801866845,670.353619391427,0.7632510968018323,0.7637759910430759,0.7627517320215702
