nr_input_tokens,nr_batches,thread_percentage,memory_rate,cold_start,model_loc,exec_loc,avg_ttft,max_ttft,min_ttft,avg_throughput,max_throughput,min_throughput,avg_total,max_total,min_total
128.0,4.0,100.0,0.2,0.0,gpu,gpu,0.1793567722546868,0.17939460324123502,0.17928699826006778,713.6614031872432,713.939110154142,713.5108731664363,0.7174270890187472,0.7175784129649401,0.7171479930402711
128.0,4.0,100.0,0.3,False,gpu,gpu,0.1797997084504459,0.1798912207596004,0.1796777952404227,711.9033811867146,712.3863014276536,711.5411161229163,0.7191988338017836,0.7195648830384016,0.7187111809616908
128.0,4.0,100.0,0.4,False,gpu,gpu,0.17888698154711163,0.17898538373992778,0.17885307525284588,715.5356343244728,715.671228012409,715.1421938787394,0.7155479261884465,0.7159415349597111,0.7154123010113835
128.0,4.0,100.0,0.5,False,gpu,gpu,0.17935021634912118,0.17946647849748842,0.1792653642478399,713.6876329831108,714.0252693935681,713.2251163093464,0.7174008653964847,0.7178659139899537,0.7170614569913596
128.0,4.0,100.0,0.6,False,gpu,gpu,0.1799096977978479,0.18008385298890062,0.1797052717593033,711.4685221658617,712.2773792159131,710.7799942945979,0.7196387911913916,0.7203354119556025,0.7188210870372131
128.0,4.0,100.0,0.7,False,gpu,gpu,0.18008843259885907,0.18033707651193254,0.17985607447917573,710.7625404157814,711.6801607655472,709.7819398859474,0.7203537303954363,0.7213483060477301,0.7194242979167029
128.0,4.0,100.0,0.8,False,gpu,gpu,0.18001793239964173,0.18023976750555448,0.17988422574126162,711.0406043857479,711.5687852703113,710.1651415304639,0.7200717295985669,0.7209590700222179,0.7195369029650465
128.0,4.0,100.0,0.9,False,gpu,gpu,0.18018079390167258,0.1802513532456942,0.18009156626067124,710.3976524050158,710.7495517848295,710.119495333429,0.7207231756066903,0.7210054129827768,0.720366265042685
