,gpu_cpu,cpu_gpu,gpu_gpu,cpu_cpu
0,1.5732348352001282,0.006946012199477991,0.00028257760059204886,0.00027592159894993527
1,1.768257960997289,0.007712869999522809,0.0002969509987451602,0.0002973669979837723
2,1.4066599370016775,0.005483334000018658,0.00026792800053954124,0.0002356409968342632
3,0.09957107979935245,0.007697549201111542,0.008024369199119974,0.09977273780023097
4,0.10112159599884762,0.00796499100033543,0.008344052999746054,0.11192327600292629
5,0.09864774599918746,0.007582346002891427,0.007857474996853853,0.09606797900050879
6,1.6728059149994805,0.014643561400589533,0.008306946799712023,0.10004865939918091
7,1.8679347339966625,0.015295216002414236,0.008611981000285596,0.11215891699976055
8,1.507781533000525,0.013448325000354089,0.008127995999529958,0.09636534599849256
