,gpu_cpu,cpu_gpu,gpu_gpu,cpu_cpu
0,0.02125338593032211,0.0032104820711538196,0.00012015597894787788,0.00010770896915346384
1,0.02125338593032211,0.0032104820711538196,0.00012015597894787788,0.00010770896915346384
2,0.02125338593032211,0.0032104820711538196,0.00012015597894787788,0.00010770896915346384
3,0.00823943002615124,0.0018447049660608172,0.0017470120219513774,0.02299671806395054
4,0.00823943002615124,0.0018447049660608172,0.0017470120219513774,0.02299671806395054
5,0.00823943002615124,0.0018447049660608172,0.0017470120219513774,0.02299671806395054
6,0.02949281595647335,0.005055187037214637,0.0018671680008992553,0.023104427033104002
7,0.02949281595647335,0.005055187037214637,0.0018671680008992553,0.023104427033104002
8,0.02949281595647335,0.005055187037214637,0.0018671680008992553,0.023104427033104002
