,gpu_cpu,cpu_gpu,gpu_gpu,cpu_cpu
0,0.7132734949700534,0.0033447809983044863,0.00011551601346582174,0.00011186802294105291
1,0.7132734949700534,0.0033447809983044863,0.00011551601346582174,0.00011186802294105291
2,0.7132734949700534,0.0033447809983044863,0.00011551601346582174,0.00011186802294105291
3,0.008131242007948458,0.0018051870865747333,0.0016819910379126668,0.022881489945575595
4,0.008131242007948458,0.0018051870865747333,0.0016819910379126668,0.022881489945575595
5,0.008131242007948458,0.0018051870865747333,0.0016819910379126668,0.022881489945575595
6,0.7214047369780019,0.0051499680848792195,0.0017975070513784885,0.022993357968516648
7,0.7214047369780019,0.0051499680848792195,0.0017975070513784885,0.022993357968516648
8,0.7214047369780019,0.0051499680848792195,0.0017975070513784885,0.022993357968516648
