benchmark,data_loc,exec_loc,sm_percentage,num_threads,iteration,total_time_ms,data_transfer_time_ms,computation_time_ms,avg_total_ms,max_total_ms,min_total_ms,avg_transfer_ms,avg_computation_ms
nn,cpu,cpu,100.0,1.0,5.0,5.801008898,0.0,0.0,5.825148779,5.861007025999999,5.801008898,0.0,0.0
nn,cpu,cpu,100.0,2.0,5.0,8.061825065,0.0,0.0,7.8275734326,8.350934018,7.291996037,0.0,0.0
nn,cpu,cpu,100.0,4.0,5.0,9.27310891,0.0,0.0,8.3834063958,9.27310891,7.965123979,0.0,0.0
nn,cpu,cpu,100.0,8.0,5.0,11.450598948000001,0.0,0.0,11.5652899958,11.953718029000001,10.989656089999999,0.0,0.0
nn,cpu,cpu,100.0,16.0,5.0,13.577116070999999,0.0,0.0,13.7535706162,13.94132711,13.577116070999999,0.0,0.0
nn,cpu,cpu,100.0,32.0,5.0,21.547936018999998,0.0,0.0,22.1958033974,22.808433976,21.338470979,0.0,0.0
nn,cpu,cpu,100.0,64.0,5.0,52.676458028,0.0,0.0,44.7359468554,52.676458028,39.722743095,0.0,0.0
