benchmark,data_loc,exec_loc,sm_percentage,num_threads,cold_start,iteration,total_time_ms,data_transfer_time_ms,computation_time_ms,wall_time_ms,avg_total_ms,max_total_ms,min_total_ms,avg_transfer_ms,avg_computation_ms
bfs,cpu,cpu,100.0,4.0,0.0,10.0,11.193,0.0,11.193,699.8766900505871,11.092,11.270000000000001,10.891,0.0,11.092
bfs,cpu,gpu,100.0,4.0,0.0,10.0,14.933,2.993,11.872,1531.3042849302292,14.727699999999999,15.722,14.365,3.0139,11.647400000000001
bfs,gpu,cpu,100.0,4.0,0.0,10.0,34.641,1.584,33.049,1589.9501820094883,34.7475,35.341,34.415,1.6976,33.0421
nn,cpu,cpu,100.0,4.0,0.0,10.0,8.677,0.0,8.677,11.9006740860641,9.0899,9.55,8.555,0.0,9.0899
nn,cpu,gpu,100.0,4.0,0.0,10.0,10.18,0.153,9.474,854.1728272102773,10.4431,10.769,10.18,0.1535,9.7352
nn,gpu,cpu,100.0,4.0,0.0,10.0,7.027,0.111,6.909,818.8377968035638,7.2307999999999995,7.696,6.823,0.1236,7.1001
leukocyte,cpu,cpu,100.0,4.0,0.0,10.0,1489.091,0.0,1489.091,1494.43375505507,1487.9837,1492.29,1486.345,0.0,1487.9837
leukocyte,cpu,gpu,100.0,4.0,0.0,10.0,102.249,0.077,2.617,911.5799020510167,102.2732,103.481,101.734,0.0776,2.6182000000000003
leukocyte,gpu,cpu,100.0,4.0,0.0,10.0,167.519,0.17,167.143,987.1829461771995,168.0816,168.852,167.519,0.1646,167.6986
