benchmark,data_loc,exec_loc,sm_percentage,num_threads,iteration,total_time_ms,data_transfer_time_ms,computation_time_ms,avg_total_ms,max_total_ms,min_total_ms,avg_transfer_ms,avg_computation_ms
nn,cpu,cpu,100.0,1.0,5.0,5.988329998,0.0,0.0,5.971250008,6.001417991,5.896846997,0.0,0.0
nn,cpu,cpu,100.0,2.0,5.0,8.05379299,0.0,0.0,7.9126208322,8.05379299,7.748876,0.0,0.0
nn,cpu,cpu,100.0,4.0,5.0,8.115422912,0.0,0.0,8.2519877936,8.805510006,7.982276031,0.0,0.0
nn,cpu,cpu,100.0,8.0,5.0,11.211858014999999,0.0,0.0,11.4209377906,12.115729041000002,10.976760997,0.0,0.0
nn,cpu,cpu,100.0,16.0,5.0,13.600284000999999,0.0,0.0,13.022672804199999,13.600284000999999,12.624608004,0.0,0.0
nn,cpu,cpu,100.0,32.0,5.0,21.512386971,0.0,0.0,23.711853823600002,31.716183991999998,21.331240074,0.0,0.0
nn,cpu,cpu,100.0,64.0,5.0,38.807931007,0.0,0.0,42.0430928234,51.48028105,38.807931007,0.0,0.0
