benchmark,data_loc,exec_loc,sm_percentage,num_threads,iteration,total_time_ms,data_transfer_time_ms,computation_time_ms,avg_total_ms,max_total_ms,min_total_ms,avg_transfer_ms,avg_computation_ms
bfs,cpu,cpu,100.0,1.0,5.0,42.414,0.0,42.414,42.678999999999995,43.144,42.414,0.0,42.678999999999995
bfs,cpu,cpu,100.0,2.0,5.0,21.728,0.0,21.728,21.9078,22.115,21.656000000000002,0.0,21.9078
bfs,cpu,cpu,100.0,4.0,5.0,11.006,0.0,11.006,11.0212,11.091999999999999,10.964,0.0,11.0212
bfs,cpu,cpu,100.0,8.0,5.0,5.765000000000001,0.0,5.765000000000001,5.7620000000000005,5.793,5.718,0.0,5.7620000000000005
bfs,cpu,cpu,100.0,16.0,5.0,3.287,0.0,3.287,3.3258,3.3960000000000004,3.287,0.0,3.3258
bfs,cpu,cpu,100.0,32.0,5.0,2.263,0.0,2.263,2.836,4.8950000000000005,2.2590000000000003,0.0,2.836
bfs,cpu,cpu,100.0,64.0,5.0,2.316,0.0,2.316,2.2982,2.367,2.2390000000000003,0.0,2.2982
