benchmark,data_loc,exec_loc,sm_percentage,num_threads,iteration,total_time_ms,data_transfer_time_ms,computation_time_ms,avg_total_ms,max_total_ms,min_total_ms,avg_transfer_ms,avg_computation_ms
nn,cpu,cpu,100.0,1.0,5.0,5.940000061,0.0,0.0,6.048000045,6.380000152,5.940000061,0.0,0.0
nn,cpu,cpu,100.0,2.0,5.0,11.040000245,0.0,0.0,12.035200186,12.915000318999999,10.749000125,0.0,0.0
nn,cpu,cpu,100.0,4.0,5.0,8.066999726,0.0,0.0,9.9948000162,12.453000061000001,8.066999726,0.0,0.0
nn,cpu,cpu,100.0,8.0,5.0,22.443000227,0.0,0.0,48.9161990582,77.780999243,22.443000227,0.0,0.0
nn,cpu,cpu,100.0,16.0,5.0,131.248995662,0.0,0.0,109.8411977292,158.281996846,63.343003392,0.0,0.0
nn,cpu,cpu,100.0,32.0,5.0,758.785009384,0.0,0.0,600.8082091808,758.785009384,465.059012175,0.0,0.0
nn,cpu,cpu,100.0,64.0,5.0,2276.175022125,0.0,0.0,2254.234600067,2530.1179885859997,2000.7779598240002,0.0,0.0
