benchmark,data_loc,exec_loc,sm_percentage,num_threads,iteration,total_time_ms,data_transfer_time_ms,computation_time_ms,avg_total_ms,max_total_ms,min_total_ms,avg_transfer_ms,avg_computation_ms
leukocyte,cpu,cpu,100.0,1.0,5.0,5430.41,0.0,0.0,5450.052000000001,5461.280000000001,5430.41,0.0,0.0
leukocyte,cpu,cpu,100.0,2.0,5.0,2953.6699999999996,0.0,0.0,2952.818,2953.8199999999997,2949.14,0.0,0.0
leukocyte,cpu,cpu,100.0,4.0,5.0,1498.69,0.0,0.0,1499.2559999999999,1502.56,1495.6799999999998,0.0,0.0
leukocyte,cpu,cpu,100.0,8.0,5.0,860.37,0.0,0.0,862.598,867.95,860.37,0.0,0.0
leukocyte,cpu,cpu,100.0,16.0,5.0,526.5300000000001,0.0,0.0,527.494,529.89,526.22,0.0,0.0
leukocyte,cpu,cpu,100.0,32.0,5.0,357.5,0.0,0.0,359.954,361.45,357.5,0.0,0.0
leukocyte,cpu,cpu,100.0,64.0,5.0,200.05,0.0,0.0,201.8,203.33,199.45,0.0,0.0
