,gpu_cpu,cpu_gpu,gpu_gpu,cpu_cpu
0,82.74052967107855,0.3186584849609062,0.0018358699744567275,0.2924060880905017
1,82.74052967107855,0.3186584849609062,0.0018358699744567275,0.2924060880905017
2,82.74052967107855,0.3186584849609062,0.0018358699744567275,0.2924060880905017
3,3.7015477679669857,0.5032041140366346,0.2655880890088156,1.5289552269969136
4,3.7015477679669857,0.5032041140366346,0.2655880890088156,1.5289552269969136
5,3.7015477679669857,0.5032041140366346,0.2655880890088156,1.5289552269969136
6,86.44207743904553,0.8218625989975408,0.2674239589832723,1.8213613150874153
7,86.44207743904553,0.8218625989975408,0.2674239589832723,1.8213613150874153
8,86.44207743904553,0.8218625989975408,0.2674239589832723,1.8213613150874153
