nr_input_tokens,nr_batches,thread_percentage,memory_rate,cold_start,model_loc,exec_loc,avg_ttft,max_ttft,min_ttft,avg_throughput,max_throughput,min_throughput,avg_total,max_total,min_total,avg_load_time,max_load_time,min_load_time
128.0,1.0,16.0,0.85,0.0,cpu,cpu,16.896199362911283,16.96674642013386,16.82480564014986,7.575730650637363,7.607814481645321,7.544168860100766,16.896199362911283,16.96674642013386,16.82480564014986,0.0,0.0,0.0
128.0,1.0,36.0,0.85,0.0,cpu,cpu,11.406430927291513,11.496364652179182,11.30287793604657,11.222228765217013,11.324549439907585,11.133954417124121,11.406430927291513,11.496364652179182,11.30287793604657,0.0,0.0,0.0
128.0,1.0,72.0,0.85,0.0,cpu,cpu,11.337233339715748,11.541170384734869,11.203242544550449,11.29144064083049,11.425263667281984,11.090729599599486,11.337233339715748,11.541170384734869,11.203242544550449,0.0,0.0,0.0
