nr_input_tokens,nr_batches,thread_percentage,memory_rate,cold_start,model_loc,exec_loc,avg_ttft,max_ttft,min_ttft,avg_throughput,max_throughput,min_throughput,avg_total,max_total,min_total
2048.0,256.0,100.0,0.4,0.0,gpu,gpu,0.22290049315197394,0.22340400650864467,0.22222370852250606,574.2497275358171,575.996147535431,572.9530190634563,0.8916019726078958,0.8936160260345787,0.8888948340900242
2048.0,256.0,100.0,0.5,False,gpu,gpu,0.2207764566410333,0.22131494822679088,0.22011418646434322,579.7753775761918,581.5163577415988,578.3612947320347,0.8831058265641332,0.8852597929071635,0.8804567458573729
2048.0,256.0,100.0,0.6,False,gpu,gpu,0.2226104207453318,0.22302383778151125,0.22236672299914062,574.9962331622776,575.6256973778162,573.9296806711629,0.8904416829813272,0.892095351126045,0.8894668919965625
2048.0,256.0,100.0,0.7,False,gpu,gpu,0.22287770924158395,0.223275558964815,0.2222704470041208,574.3080949718312,575.875028485577,573.2826315314295,0.8915108369663358,0.89310223585926,0.8890817880164832
2048.0,256.0,100.0,0.8,False,gpu,gpu,0.2223654406494461,0.22319728147704154,0.22169195325113833,575.63340983597,577.3777447618874,573.4836874039897,0.8894617625977844,0.8927891259081662,0.8867678130045533
2048.0,256.0,100.0,0.9,False,gpu,gpu,0.22045702796895056,0.22119354229653254,0.21989699127152562,580.6159420789853,582.0907292085113,578.6787384073036,0.8818281118758022,0.8847741691861302,0.8795879650861025
