nr_input_tokens,nr_batches,thread_percentage,memory_rate,cold_start,model_loc,exec_loc,avg_ttft,max_ttft,min_ttft,avg_throughput,max_throughput,min_throughput,avg_total,max_total,min_total,avg_load_time,max_load_time,min_load_time
64.0,1.0,100.0,0.85,0.0,gpu,gpu,0.008903906494379044,0.009052809793502092,0.008811217732727528,184.32861257084457,184.37816688388537,184.2669118068074,0.6944120334461331,0.6946445172652602,0.6942253638990223,0.0,0.0,0.0
128.0,1.0,100.0,0.85,0.0,gpu,gpu,0.009038545284420251,0.00913405604660511,0.008951949886977673,183.89801304034108,184.00622388119103,183.8053911901191,0.6960380576550961,0.6963887140154839,0.6956286439672112,0.0,0.0,0.0
256.0,1.0,100.0,0.85,0.0,gpu,gpu,0.009166123531758785,0.009237953927367926,0.009124583099037409,183.19300625064997,183.28465537335873,183.03040564694865,0.698716827481985,0.6993373562581837,0.6983672459609807,0.0,0.0,0.0
512.0,1.0,100.0,0.85,0.0,gpu,gpu,0.009460813831537962,0.00950636062771082,0.009408827871084213,181.93513766205652,182.03678092158316,181.8247822764113,0.7035475471988321,0.7039744439534843,0.7031546006910503,0.0,0.0,0.0
1024.0,1.0,100.0,0.85,0.0,gpu,gpu,0.010113899130374193,0.010202337987720966,0.010038439184427261,179.66835242997345,179.94484549246621,179.52158908893017,0.7124243112280965,0.7130061662755907,0.7113290722481906,0.0,0.0,0.0
2048.0,1.0,100.0,0.85,0.0,gpu,gpu,0.011441526934504509,0.011573139112442732,0.011331002227962017,86.89063053511659,87.52085530880895,86.49307939335729,0.011509032361209393,0.011561618652194738,0.011425848118960857,0.0,0.0,0.0
