nr_input_tokens,nr_batches,thread_percentage,memory_rate,cold_start,model_loc,exec_loc,avg_ttft,max_ttft,min_ttft,avg_throughput,max_throughput,min_throughput,avg_total,max_total,min_total,avg_load_time,max_load_time,min_load_time
128.0,1.0,100.0,0.2,0.0,gpu,gpu,0.00891996854916215,0.008991435170173645,0.008869071025401354,184.41782600715564,184.4641558455355,184.3621605019881,0.6940760952420533,0.694285636767745,0.6939017469994724,0.0,0.0,0.0
128.0,1.0,100.0,0.3,0.0,gpu,gpu,0.00890226662158966,0.009054951835423708,0.008800594136118889,184.72641097596798,184.7513725893796,184.6935965831274,0.6929166279733181,0.6930397283285856,0.692822998855263,0.0,0.0,0.0
128.0,1.0,100.0,0.4,0.0,gpu,gpu,0.008725203666836023,0.008794832974672318,0.008624023292213678,184.90570810587403,184.96335194516786,184.80009061942596,0.6922447882592678,0.6926403529942036,0.6920289811678231,0.0,0.0,0.0
128.0,1.0,100.0,0.5,0.0,gpu,gpu,0.00884745642542839,0.008916618768125772,0.008798991329967976,184.5306108866047,184.6383847627281,184.42056720494944,0.6936520201154053,0.6940657538361847,0.6932469657622278,0.0,0.0,0.0
128.0,1.0,100.0,0.6,0.0,gpu,gpu,0.0081967587582767,0.008293088059872389,0.008124230895191431,183.1187989566456,183.39098011336247,182.91981168006458,0.6990003966726362,0.699760178104043,0.6979623530060053,0.0,0.0,0.0
128.0,1.0,100.0,0.7,0.0,gpu,gpu,0.008912358433008194,0.009168989025056362,0.008810505736619234,184.96891076011826,185.03996209269184,184.8668509664034,0.692008263990283,0.6923902221024036,0.6917424676939845,0.0,0.0,0.0
128.0,1.0,100.0,0.8,0.0,gpu,gpu,0.00799319837242365,0.008078053127974272,0.007902986835688353,181.04971748776924,181.82215267663017,180.15063859414673,0.7069943439215421,0.7105164933018386,0.70398462517187,0.0,0.0,0.0
128.0,1.0,100.0,0.9,0.0,gpu,gpu,0.008979235123842955,0.00901172123849392,0.008938283193856478,184.40563476773497,184.60873908991687,183.96733418802143,0.6941230181604624,0.6957756960764527,0.6933582918718457,0.0,0.0,0.0
