nr_input_tokens,nr_batches,thread_percentage,memory_rate,cold_start,model_loc,exec_loc,avg_ttft,max_ttft,min_ttft,avg_throughput,max_throughput,min_throughput,avg_total,max_total,min_total,avg_load_time,max_load_time,min_load_time
2048.0,256.0,100.0,0.4,0.0,gpu,gpu,0.0018062893506794353,0.0018142752542189555,0.001800157062461949,9825.075918510214,9893.533932868091,9604.278802473864,3.335572740342468,3.411812659120187,3.31206222390756,0.0,0.0,0.0
2048.0,256.0,100.0,0.5,0.0,gpu,gpu,0.0017551206863572588,0.0017726093747114646,0.0017417559447494568,9899.559584073653,9923.405004680006,9883.419943038023,3.3100524527952073,3.315451553091407,3.3020923750009388,0.0,0.0,0.0
2048.0,256.0,100.0,0.6,0.0,gpu,gpu,0.0017356059117446421,0.0017427260199838202,0.0017267112580157118,9849.872085216357,9932.613961555013,9628.922634869528,3.3271773831453175,3.403080618940294,3.299030862050131,0.0,0.0,0.0
2048.0,256.0,100.0,0.7,0.0,gpu,gpu,0.0017554214651681831,0.0017651447187745362,0.001748513602251478,9824.631032231817,9894.838082112825,9600.647454015045,3.335734402621165,3.413103142986074,3.3116256908979267,0.0,0.0,0.0
2048.0,256.0,100.0,0.8,0.0,gpu,gpu,0.0017787942524591926,0.0017899963831951027,0.0017660971170698758,9848.18959209862,9909.880994483628,9649.73099121567,3.327658059448004,3.395742330001667,3.3065987390000373,0.0,0.0,0.0
2048.0,256.0,100.0,0.9,0.0,gpu,gpu,0.0018042400688500493,0.0018107721170963487,0.0017921019416462514,9841.647743444035,9901.6228832151,9650.949211779893,3.3298423557542263,3.3953136920463294,3.3093564950395375,0.0,0.0,0.0
