nr_input_tokens,nr_batches,thread_percentage,memory_rate,cold_start,model_loc,exec_loc,avg_ttft,max_ttft,min_ttft,avg_throughput,max_throughput,min_throughput,avg_total,max_total,min_total,avg_load_time,max_load_time,min_load_time
64.0,1.0,100.0,0.85,1.0,gpu,gpu,0.01824517862405628,0.018510066205635667,0.017980291042476892,151.7661646358967,152.13956738632396,151.39276188546944,0.843407851527445,0.8454829570837319,0.8413327459711581,23.576708237524144,24.045254389056936,23.108162085991353
128.0,1.0,100.0,0.85,1.0,gpu,gpu,0.01964237098582089,0.020029095001518726,0.019255646970123053,139.8411065410278,140.4094641336534,139.27274894840224,0.9153396850451827,0.9190599091816694,0.911619460908696,26.822074517491274,28.071680944878608,25.57246809010394
256.0,1.0,100.0,0.85,1.0,gpu,gpu,0.01832505501806736,0.01885457499884069,0.01779553503729403,151.15636549582257,151.72068145638875,150.59204953525642,0.8468170270789415,0.8499784709420055,0.8436555832158774,23.404084007022902,23.54459022800438,23.263577786041424
512.0,1.0,100.0,0.85,1.0,gpu,gpu,0.019672296475619078,0.019689623964950442,0.019654968986287713,150.8492816749926,151.00679040620855,150.6917729437766,0.8485299905296415,0.849415980046615,0.847644001012668,23.111482004984282,23.26663357182406,22.956330438144505
1024.0,1.0,100.0,0.85,1.0,gpu,gpu,0.03799993800930679,0.03820631490088999,0.037793561117723584,148.1090824666279,148.25557455978503,147.96259037347076,0.8642287366092205,0.8650835300795734,0.8633739431388676,22.932853078003973,23.116143569117412,22.749562586890534
2048.0,1.0,100.0,0.85,1.0,gpu,gpu,0.053982503595761955,0.05429097404703498,0.05367403314448893,143.50867761023272,143.66066211439818,143.35669310606724,0.8919331269571558,0.8928777389228344,0.8909885149914771,22.881544028874487,22.916851286776364,22.84623677097261
