nr_input_tokens,nr_batches,thread_percentage,memory_rate,cold_start,model_loc,exec_loc,avg_ttft,max_ttft,min_ttft,avg_throughput,max_throughput,min_throughput,avg_total,max_total,min_total
20,1,1,0.85,False,cpu,cpu,57.44851225242019,57.46783585404046,57.43266737693921,0.2785102720821161,0.27858709565045275,0.27841660926013573,57.44851225242019,57.46783585404046,57.43266737693921
20,1,2,0.85,False,cpu,cpu,28.685272230999544,29.079348699888214,28.404420458944514,0.5578177900069804,0.5632926052170736,0.5502186505319325,28.685272230999544,29.079348699888214,28.404420458944514
20,1,4,0.85,False,cpu,cpu,17.75589152178727,17.88237099489197,17.664783680113032,0.9011254314675881,0.9057569166846214,0.8947359387952715,17.75589152178727,17.88237099489197,17.664783680113032
20,1,8,0.85,False,cpu,cpu,11.009304724028334,11.094697918044403,10.934664754895493,1.4533610711769125,1.463236446534562,1.4421302966687917,11.009304724028334,11.094697918044403,10.934664754895493
20,1,16,0.85,False,cpu,cpu,5.834100092854351,6.0677904828917235,5.769562815083191,2.7435660753383644,2.773173724388907,2.636874171102706,5.834100092854351,6.0677904828917235,5.769562815083191
20,1,36,0.85,False,cpu,cpu,3.2748680083081125,3.3893246529623866,3.2239902829751372,4.887246478831111,4.962794114017926,4.720704458339642,3.2748680083081125,3.3893246529623866,3.2239902829751372
20,1,72,0.85,False,cpu,cpu,4.649970047175884,4.749242753954604,4.474665876943618,3.4424565852227795,3.575685970754237,3.368958132678542,4.649970047175884,4.749242753954604,4.474665876943618
