nr_input_tokens,nr_batches,thread_percentage,memory_rate,cold_start,model_loc,exec_loc,avg_ttft,max_ttft,min_ttft,avg_throughput,max_throughput,min_throughput,avg_total,max_total,min_total
64.0,256.0,100.0,0.85,0.0,gpu,gpu,0.007341076680131664,0.007377263542366563,0.007313611210520321,17436.27761950905,17501.613951788604,17350.606937777728,1.879315630113706,1.8885794668458402,1.8722844698932022
128.0,256.0,100.0,0.85,False,gpu,gpu,0.007443494331346301,0.0074563927928466,0.007412320664116123,17196.314982339994,17268.545952101395,17166.47761941923,1.9055345488246531,1.9088365549687296,1.8975540900137275
256.0,256.0,100.0,0.85,False,gpu,gpu,0.007829592767848226,0.007848704605748935,0.007808541390659229,16348.288817487788,16392.30601417017,16308.42367366507,2.004375748569146,2.0092683790717274,1.9989865960087627
512.0,256.0,100.0,0.85,False,gpu,gpu,0.008684913471915934,0.008701967399247224,0.008659920124955534,14738.249538219232,14780.736791224994,14709.317344842366,2.223337848810479,2.227703654207289,2.2169395519886166
1024.0,256.0,100.0,0.85,False,gpu,gpu,0.010137074475824192,0.01014484295319562,0.010129852601494349,12626.920355495342,12635.919300653746,12617.248053079034,2.595091065810993,2.597079796018079,2.5932422659825534
2048.0,256.0,100.0,0.85,False,gpu,gpu,0.013139411478186957,0.013150819640941336,0.013131789495673729,9741.686890367044,9747.338703698351,9733.233630663477,3.363689338415861,3.366609828080982,3.3617381108924747
