,gpu_cpu,cpu_gpu,gpu_gpu,cpu_cpu
0,93.58627739991061,0.31693658605217934,0.0020373710431158543,0.297592761926353
1,93.58627739991061,0.31693658605217934,0.0020373710431158543,0.297592761926353
2,93.58627739991061,0.31693658605217934,0.0020373710431158543,0.297592761926353
3,3.1504964190535247,0.4700307259336114,0.2547686849720776,1.6795397161040455
4,3.1504964190535247,0.4700307259336114,0.2547686849720776,1.6795397161040455
5,3.1504964190535247,0.4700307259336114,0.2547686849720776,1.6795397161040455
6,96.73677381896414,0.7869673119857907,0.25680605601519346,1.9771324780303985
7,96.73677381896414,0.7869673119857907,0.25680605601519346,1.9771324780303985
8,96.73677381896414,0.7869673119857907,0.25680605601519346,1.9771324780303985
