nr_input_tokens,nr_batches,thread_percentage,memory_rate,cold_start,model_loc,exec_loc,avg_ttft,max_ttft,min_ttft,avg_throughput,max_throughput,min_throughput,avg_total,max_total,min_total,avg_load_time,max_load_time,min_load_time
20,1,100,0.85,False,cpu,cpu,0.08327477993443608,0.08359490381553769,0.0829720760229975,192.13625719849077,192.83596080644355,191.3992273417282,0.08327477993443608,0.08359490381553769,0.0829720760229975
20,1,100,0.85,False,cpu,cpu,0.08315441901795566,0.08343567792326212,0.08286404702812433,192.41418674307516,193.0873590396755,191.7644873062049,0.08315441901795566,0.08343567792326212,0.08286404702812433
20,1,100,0.85,False,cpu,cpu,0.08263339004479349,0.0829539499245584,0.08221499715000391,193.62914286565857,194.6116956108079,192.87809699901007,0.08263339004479349,0.0829539499245584,0.08221499715000391
20,1,100,0.85,False,cpu,cpu,0.08441534894518554,0.08491249685175717,0.08385083684697747,189.54245996793327,190.81503061441114,188.42927240654916,0.08441534894518554,0.08491249685175717,0.08385083684697747
20,1,100,0.85,False,cpu,cpu,0.0834848128259182,0.08396711992099881,0.08308135718107224,191.6544832435363,192.5823138051138,190.55077767409122,0.0834848128259182,0.08396711992099881,0.08308135718107224
20,1,100,0.85,False,cpu,cpu,0.08344512502662838,0.08374046301469207,0.08324902202002704,191.74366669840347,192.19444999787402,191.06653371611807,0.08344512502662838,0.08374046301469207,0.08324902202002704
20,1,100,0.85,False,cpu,cpu,0.08328118943609297,0.08345603104680777,0.08302062191069126,192.12091451777525,192.72320095616564,191.71772008935005,0.08328118943609297,0.08345603104680777,0.08302062191069126
