,gpu_cpu,cpu_gpu,gpu_gpu,cpu_cpu
0,97.20486103603616,0.25012082094326615,0.0015247180126607418,0.001589932944625616
1,97.20486103603616,0.25012082094326615,0.0015247180126607418,0.001589932944625616
2,97.20486103603616,0.25012082094326615,0.0015247180126607418,0.001589932944625616
3,239.5012380980188,12.184716391027905,0.5626872869906947,55.858678252086975
4,239.5012380980188,12.184716391027905,0.5626872869906947,55.858678252086975
5,239.5012380980188,12.184716391027905,0.5626872869906947,55.858678252086975
6,336.70609913405497,12.434837211971171,0.5642120050033554,55.8602681850316
7,336.70609913405497,12.434837211971171,0.5642120050033554,55.8602681850316
8,336.70609913405497,12.434837211971171,0.5642120050033554,55.8602681850316
