,gpu_cpu,cpu_gpu,gpu_gpu,cpu_cpu
0,95.7197904450004,0.3350088559673168,0.0025040669715963304,0.27997623599367216
1,95.7197904450004,0.3350088559673168,0.0025040669715963304,0.27997623599367216
2,95.7197904450004,0.3350088559673168,0.0025040669715963304,0.27997623599367216
3,240.78768065100303,1.1714988090097904,4.379055300028995,113.28514027001802
4,240.78768065100303,1.1714988090097904,4.379055300028995,113.28514027001802
5,240.78768065100303,1.1714988090097904,4.379055300028995,113.28514027001802
6,336.5074710960034,1.5065076649771072,4.381559367000591,113.56511650601169
7,336.5074710960034,1.5065076649771072,4.381559367000591,113.56511650601169
8,336.5074710960034,1.5065076649771072,4.381559367000591,113.56511650601169
