,gpu_cpu,cpu_gpu,gpu_gpu,cpu_cpu
0,1.9229804679751397,0.2394221712835133,0.0013114839792251586,0.0014273007400333881
1,1.9264235100708902,0.2504332307726145,0.0013966201804578304,0.0015054801478981972
2,1.919162048958242,0.2095318092033267,0.0012690089643001556,0.0012806560844182968
3,0.8657653629779816,0.04936720943078399,0.04955622777342796,0.872480905521661
4,0.8748160698451102,0.055244550574570894,0.05568511597812176,0.8934927759692073
5,0.8446458210237324,0.04769360227510333,0.046980956103652716,0.8657406480051577
6,2.788745830953121,0.2887893807142973,0.05086771175265312,0.8739082062616944
7,2.798256104812026,0.2981268330477178,0.05708173615857959,0.8947734320536256
8,2.7638078699819744,0.2647763597778976,0.04826417192816734,0.8672461281530559
