,gpu_cpu,cpu_gpu,gpu_gpu,cpu_cpu
0,1.9654765410348773,0.25692453505471347,0.0015062383376061917,0.0016522618010640145
1,1.9754214389249682,0.35057843336835504,0.001646373886615038,0.0018456950783729553
2,1.940973340999335,0.21237645205110312,0.0014453898184001446,0.0014147982001304626
3,0.8749401416629553,0.043213529698550704,0.041806116979569194,0.8895287225022912
4,0.9008327387273312,0.04831554461270571,0.047239297069609165,0.914743737783283
5,0.8387769749388099,0.04186911694705486,0.04005612386390567,0.8784341369755566
6,2.8404166826978328,0.3001380647532642,0.04331235531717539,0.8911809843033552
7,2.8762541776522994,0.39889397798106074,0.0488856709562242,0.9161585359834135
8,2.8066193838603795,0.25427545607089996,0.04153200797736645,0.8800085131078959
