nr_input_tokens,nr_batches,thread_percentage,memory_rate,cold_start,model_loc,exec_loc,avg_ttft,max_ttft,min_ttft,avg_throughput,max_throughput,min_throughput,avg_total,max_total,min_total,avg_load_time,max_load_time,min_load_time
64.0,1.0,100.0,0.85,0.0,gpu,gpu,0.0076995790004730225,0.007730566896498203,0.007665032986551523,188.47289796416197,189.57123753628244,186.68947155149678,0.6791701870039105,0.6856305229011923,0.6752079147845507,0.0,0.0,0.0
128.0,1.0,100.0,0.85,0.0,gpu,gpu,0.012992880633100867,0.013187172822654247,0.012794736074283719,181.4565171182102,186.51292110923322,170.27796134373847,0.7063198453746736,0.7517120770644397,0.6862795308697969,0.0,0.0,0.0
256.0,1.0,100.0,0.85,0.0,gpu,gpu,0.013076467625796794,0.013411356136202812,0.012910732068121433,170.0639466257991,170.35236269671486,169.62405091961978,0.7526600472163409,0.7546099701430649,0.7513837669976056,0.0,0.0,0.0
512.0,1.0,100.0,0.85,0.0,gpu,gpu,0.012878471240401267,0.013379678130149841,0.012697299011051655,168.79711740132427,169.0454314649207,168.45886925515887,0.7583081199787557,0.7598293907940388,0.7571928971447051,0.0,0.0,0.0
1024.0,1.0,100.0,0.85,0.0,gpu,gpu,0.013319647265598178,0.013590711168944836,0.01315011689439416,169.7461642035381,170.21864645671116,168.99414647201544,0.7540714274160564,0.7574226839933544,0.751974020851776,0.0,0.0,0.0
2048.0,1.0,100.0,0.85,0.0,gpu,gpu,0.014603652385994792,0.014844239922240376,0.01410803897306323,67.1138007540973,67.65071451196845,66.34280364629622,0.014900814415886999,0.015073224902153015,0.014781809877604246,0.0,0.0,0.0
