avg_load_time,max_load_time,min_load_time,avg_inference_time,max_inference_time,min_inference_time,avg_total_time,max_total_time,min_total_time
0.00011906148865818978,0.00012165913358330727,0.00011353194713592529,0.029335965402424335,0.02943109767511487,0.029275136068463326,0.029455026891082526,0.029544629622250795,0.029396412428468466
0.00012851385399699212,0.00013669859617948532,0.00011999625712633133,0.016101548448204994,0.016150602605193853,0.01607290981337428,0.016230062302201986,0.016283749602735043,0.016198312863707542
0.00011646952480077743,0.0001218835823237896,0.0001120278611779213,0.009156576450914144,0.009204286616295576,0.009123490191996098,0.009273045975714923,0.00932217063382268,0.009235518053174019
0.00012605683878064156,0.00013020401820540428,0.00011794827878475189,0.005607389099895954,0.005646139848977327,0.005579229909926653,0.005733445938676596,0.005775543861091137,0.005697178188711405
0.00010484093800187111,0.00010591605678200722,0.00010393187403678894,0.003957539983093739,0.003983254078775644,0.0039377519860863686,0.0040623809210956095,0.004087185952812433,0.004041716922074556
0.00011390941217541695,0.00013301940634846687,0.00010578799992799759,0.0031864172779023647,0.0032432787120342255,0.003158834297209978,0.0033003266900777815,0.0033762981183826923,0.003269773907959461
0.00010826503857970237,0.00011068396270275116,0.0001032920554280281,0.0037026740610599518,0.003786971792578697,0.0036514890380203724,0.0038109390996396543,0.0038976557552814484,0.0037547810934484005
