avg_load_time,max_load_time,min_load_time,avg_inference_time,max_inference_time,min_inference_time,avg_total_time,max_total_time,min_total_time
0.003416789323091507,0.0036164182238280773,0.003361353650689125,0.028897305577993394,0.028942795004695654,0.02882539201527834,0.0323140949010849,0.03254625387489796,0.0321879624389112
0.0033579113893210887,0.0033800415694713593,0.003338634967803955,0.015556365344673395,0.015686844009906054,0.015458691865205765,0.018914276733994484,0.01904391124844551,0.01879732683300972
0.003326436970382929,0.00335517805069685,0.003300013020634651,0.008410074561834336,0.008442872669547796,0.008391963317990303,0.011736511532217265,0.011765349190682173,0.011699400842189789
0.0033798252232372763,0.003398825880140066,0.0033501237630844116,0.005161337926983834,0.005208652000874281,0.005125679075717926,0.008541163150221109,0.008607477881014347,0.008498202078044415
0.0032651346176862718,0.0032717897556722164,0.0032605910673737526,0.003199223428964615,0.0032292320393025875,0.003163411282002926,0.006464358046650886,0.00648982310667634,0.006430689245462418
0.0032809416763484476,0.0034079127945005894,0.0032329107634723186,0.002391404937952757,0.0024152123369276524,0.0023631821386516094,0.0056723466143012045,0.005771094933152199,0.005628668237477541
0.0032546197064220904,0.003264749888330698,0.00324059184640646,0.0029454972594976426,0.003007574938237667,0.0029085702262818813,0.006200116965919733,0.006251718383282423,0.006149162072688341
