nr_input_tokens,nr_batches,thread_percentage,memory_rate,cold_start,model_loc,exec_loc,avg_ttft,max_ttft,min_ttft,avg_throughput,max_throughput,min_throughput,avg_total,max_total,min_total,avg_load_time,max_load_time,min_load_time
20.0,1.0,100.0,0.2,0.0,gpu,gpu,0.00797550855204463,0.008085092063993216,0.007892841938883066,192.4777854305611,192.57150629858657,192.37511320832002,0.6650118805933743,0.6653667299542576,0.664688159013167,0.0,0.0,0.0
20.0,1.0,100.0,0.3,0.0,gpu,gpu,0.0074276172555983065,0.007457209983840585,0.007403708063066006,191.46220906068874,191.60526327368856,191.11916510920477,0.6685397953726351,0.6697392170317471,0.6680401039775461,0.0,0.0,0.0
20.0,1.0,100.0,0.4,0.0,gpu,gpu,0.007428500754758716,0.007475065998733044,0.007406204007565975,193.38027496357745,193.42030891026994,193.33934977269496,0.6619082713499665,0.6620483628939837,0.6617712520528585,0.0,0.0,0.0
20.0,1.0,100.0,0.5,0.0,gpu,gpu,0.008568400470539927,0.008699277183040977,0.008491314947605133,190.65265782461321,190.82909335808966,190.44742327046092,0.6713783042039723,0.6721015060320497,0.6707572611048818,0.0,0.0,0.0
20.0,1.0,100.0,0.6,0.0,gpu,gpu,0.007747946819290519,0.007845799904316664,0.007674252847209573,189.63171637186264,190.47755182663104,187.72224096091705,0.6750128046609462,0.6818584699649364,0.6719951971899718,0.0,0.0,0.0
20.0,1.0,100.0,0.7,0.0,gpu,gpu,0.008044743817299605,0.008162716869264841,0.00797017989680171,190.11787376881733,190.4322207752082,189.93531772462333,0.6732670484110713,0.6739136329852045,0.6721551609225571,0.0,0.0,0.0
20.0,1.0,100.0,0.8,0.0,gpu,gpu,0.008352936245501041,0.00840894808061421,0.008300054119899869,194.8146327966553,194.88532594660143,194.6529154627253,0.657034968584776,0.6575806979089975,0.6567965000867844,0.0,0.0,0.0
20.0,1.0,100.0,0.9,0.0,gpu,gpu,0.008331866236403584,0.008416145108640194,0.008272150065749884,194.62099122399587,194.82836592702472,194.4897160925789,0.6576887798495591,0.6581324841827154,0.6569885211065412,0.0,0.0,0.0
