benchmark,data_loc,exec_loc,sm_percentage,num_threads,iteration,total_time_ms,data_transfer_time_ms,computation_time_ms,avg_total_ms,max_total_ms,min_total_ms,avg_transfer_ms,avg_computation_ms
bfs,cpu,cpu,100.0,4.0,5.0,11.19,0.0,11.19,11.165000000000001,11.261999999999999,11.044,0.0,11.165000000000001
bfs,cpu,gpu,100.0,4.0,5.0,16.932,3.429,13.375,16.8084,16.932,16.63,3.4028,13.2948
bfs,gpu,cpu,100.0,4.0,5.0,34.157,1.919,32.221,34.626400000000004,34.869,34.157,1.8654,32.7436
nn,cpu,cpu,100.0,4.0,5.0,8.570067002,0.0,0.0,8.7111179948,8.921031025,8.399992017,0.0,0.0
nn,cpu,gpu,100.0,4.0,5.0,11.754,0.165,11.001,11.771199999999999,11.91,11.683,0.1638,11.030199999999999
nn,gpu,cpu,100.0,4.0,5.0,3150.77,0.073,0.733,3087.1576,3150.77,3029.911,0.072,0.7101999999999999
leukocyte,cpu,cpu,100.0,4.0,5.0,1487.77,0.0,0.0,1487.852,1491.64,1483.8899999999999,0.0,0.0
leukocyte,cpu,gpu,100.0,4.0,5.0,105.801,0.105,2.614,105.61600000000001,106.26,105.289,0.10540000000000001,2.6116
leukocyte,gpu,cpu,100.0,4.0,5.0,170.289,0.21,169.854,170.1392,170.568,169.521,0.20339999999999997,169.7114
