,gpu_cpu,cpu_gpu,gpu_gpu,cpu_cpu
0,2.6682193774729965,0.3165329762734473,0.003288818523287773,0.0034713221713900564
1,3.744224005844444,0.48131490824744105,0.0034067551605403423,0.0035983328707516193
2,2.3834883240051568,0.24092429364100099,0.0032238150015473366,0.0033995872363448143
3,0.9584427174180746,0.08674034420400858,0.0384920883923769,0.5897893936373293
4,0.9661991889588535,0.2783148200251162,0.04028042871505022,0.5903688077814877
5,0.9517031079158187,0.03849891200661659,0.03784360084682703,0.5893497001379728
6,3.6266620948910715,0.40327332047745584,0.041780906915664676,0.5932607158087194
7,4.704676344059408,0.7596297282725573,0.04368718387559056,0.5937954979017377
8,3.3351914319209754,0.2794232056476176,0.04106741584837437,0.5928557799197733
