,gpu_cpu,cpu_gpu,gpu_gpu,cpu_cpu
0,101.41807794710621,0.3181282817386091,0.0019758702255785465,0.0016441689804196358
1,101.41807794710621,0.3181282817386091,0.0019758702255785465,0.0016441689804196358
2,101.41807794710621,0.3181282817386091,0.0019758702255785465,0.0016441689804196358
3,243.19068720471114,2.0792016652412713,19.93007041560486,27.337246720679104
4,243.19068720471114,2.0792016652412713,19.93007041560486,27.337246720679104
5,243.19068720471114,2.0792016652412713,19.93007041560486,27.337246720679104
6,344.60876515181735,2.3973299469798803,19.932046285830438,27.338890889659524
7,344.60876515181735,2.3973299469798803,19.932046285830438,27.338890889659524
8,344.60876515181735,2.3973299469798803,19.932046285830438,27.338890889659524
