nr_input_tokens,nr_batches,thread_percentage,memory_rate,cold_start,model_loc,exec_loc,avg_ttft,max_ttft,min_ttft,avg_throughput,max_throughput,min_throughput,avg_total,max_total,min_total,avg_load_time,max_load_time,min_load_time
64.0,1.0,100.0,0.85,0.0,gpu,gpu,0.007604498183354735,0.007659542839974165,0.00754505000077188,188.88483508505786,189.09520227811345,188.77954947545894,0.6776618420146405,0.6780395458918065,0.6769077081698924,0.0,0.0,0.0
128.0,1.0,100.0,0.85,0.0,gpu,gpu,0.007750010211020708,0.007806546986103058,0.007707284996286035,188.5471852267914,188.67084013957265,188.43755964626234,0.6788752770517021,0.6792701000813395,0.6784302222076803,0.0,0.0,0.0
256.0,1.0,100.0,0.85,0.0,gpu,gpu,0.007935131201520562,0.007961805909872055,0.007924878038465977,187.50845622077426,187.70587412504065,187.4154543055619,0.6826361159328371,0.6829746270086616,0.6819179239682853,0.0,0.0,0.0
512.0,1.0,100.0,0.85,0.0,gpu,gpu,0.008349422737956047,0.00837699300609529,0.008298850851133466,185.78310208914968,186.15971643219282,185.4458465819609,0.6889766974374651,0.6902284540701658,0.6875816232059151,0.0,0.0,0.0
1024.0,1.0,100.0,0.85,0.0,gpu,gpu,0.009147759666666389,0.009424288989976048,0.009020846104249358,183.8737578836023,184.28224457379764,183.54170173233163,0.6961311673279852,0.6973891970701516,0.6945867210160941,0.0,0.0,0.0
2048.0,1.0,100.0,0.85,0.0,gpu,gpu,0.010438997438177467,0.010487008141353726,0.010319397086277604,96.83496323262042,97.55374226613822,96.04152495961586,0.010327103175222873,0.01041216286830604,0.010250760009512305,0.0,0.0,0.0
