nr_input_tokens,nr_batches,thread_percentage,memory_rate,cold_start,model_loc,exec_loc,avg_ttft,max_ttft,min_ttft,avg_throughput,max_throughput,min_throughput,avg_total,max_total,min_total,avg_load_time,max_load_time,min_load_time
20.0,1.0,100.0,0.2,0.0,gpu,gpu,0.0034599553560838102,0.003474838042166084,0.00344772677635774,712.8324142085157,713.9312446023541,712.0016559940804,0.7182619848288596,0.7190994510892779,0.7171558940317482,0.0,0.0,0.0
20.0,1.0,100.0,0.3,0.0,gpu,gpu,0.003598181705456227,0.0036187537480145693,0.0035753630218096077,717.4540217387282,717.8980325492303,717.0158530642692,0.7136347475927323,0.714070683112368,0.713193206815049,0.0,0.0,0.0
20.0,1.0,100.0,0.4,0.0,gpu,gpu,0.003580033453181386,0.0035892267478629947,0.0035612034844234586,717.875075920499,718.1289586030355,717.7243348819136,0.7132160401903093,0.71336580789648,0.7129638679325581,0.0,0.0,0.0
20.0,1.0,100.0,0.5,0.0,gpu,gpu,0.003602923720609397,0.0036287535331211984,0.00358481053262949,717.0879700537814,718.1666282935473,715.8355310617305,0.7139999098610132,0.7152480951044708,0.7129264711402357,0.0,0.0,0.0
20.0,1.0,100.0,0.6,0.0,gpu,gpu,0.0035737360012717545,0.0036128099891357124,0.003531164489686489,717.5408772262101,718.0892429339173,716.7658741747699,0.7135485168546438,0.7143197220284492,0.7130033001303673,0.0,0.0,0.0
20.0,1.0,100.0,0.7,0.0,gpu,gpu,0.0036293790093623103,0.003654632775578648,0.0036071782815270126,715.3757178968323,715.8241800474541,714.9605998506586,0.7157080115750432,0.7161233781371266,0.7152594369836152,0.0,0.0,0.0
20.0,1.0,100.0,0.8,0.0,gpu,gpu,0.003983656130731106,0.004046812769956887,0.003937823697924614,697.3145877973797,717.2869245924799,678.6480531956332,0.7346353919710964,0.7544411239214242,0.7138008270412683,0.0,0.0,0.0
20.0,1.0,100.0,0.9,0.0,gpu,gpu,0.003575603209901601,0.0036050340277142823,0.003564339771401137,717.0844900692866,717.4125119235945,716.8276072691824,0.7140023928135634,0.7142582049127668,0.7136758719570935,0.0,0.0,0.0
